<?xml version="1.0" encoding="utf-8"?><bcaster autoPlayTime="3"><item item_url="/testbees5/upload/img/20101227/20101227161559.jpg" link="http://hao123.com" itemtitle=""></item><item item_url="/testbees5/upload/img/20101227/20101227160934.jpg" link="http://hao123.com" itemtitle=""></item><item item_url="/testbees5/upload/img/20101228/20101228151225.jpg" link="http://" itemtitle=""></item><item item_url="/testbees5/upload/img/20101228/20101228171649.jpg" link="http://" itemtitle=""></item></bcaster>