<?xml version="1.0" encoding="UTF-8"?>
<theme name="default" version="1.0.1" active="true">
<author><![CDATA[hudong]]></author>
<authorurl><![CDATA[http://kaiyuan.hudong.com]]></authorurl>
<name><![CDATA[默认风格]]></name>
<tag><![CDATA[默认风格]]></tag>
<desc><![CDATA[HDWiki的默认风格!]]></desc>
<sitename><![CDATA[互动百科]]></sitename>
<weburl><![CDATA[http://kaiyuan.hudong.com]]></weburl>
<version><![CDATA[1.0]]></version>
<hdversion><![CDATA[4.1]]></hdversion>
<copyright><![CDATA[baike.com]]></copyright>
<charset><![CDATA[UTF-8]]></charset>
</theme>